{
    "loss": 4.900299072265625,
    "accuracy": 0.8561151027679443
}