{
    "loss": 18.36630630493164,
    "accuracy": 0.5035971403121948
}